Date,Open,High,Low,Close,Volume,Market Cap
06-04-2020,4.98,5.75,2.97,3.78,2535081.00,0.00
07-04-2020,3.79,5.23,2.82,3.61,2935816.00,0.00
08-04-2020,3.68,4.11,1.23,2.74,3088644.00,0.00
09-04-2020,2.74,3.19,1.93,1.94,1616471.00,0.00
10-04-2020,1.93,2.61,1.07,2.03,2410784.00,181626782.00
11-04-2020,2.03,2.46,1.62,2.20,1409791.00,197378191.00
12-04-2020,2.19,2.53,1.82,2.45,1654908.00,219311590.00
13-04-2020,2.45,2.50,1.10,1.66,1051893.00,148891464.00
14-04-2020,1.66,2.48,1.15,1.95,1400017.00,175718147.00
15-04-2020,1.95,2.59,1.58,2.22,1560289.00,197849475.00
16-04-2020,2.22,2.65,2.02,2.36,3222520.00,210277420.00
17-04-2020,2.36,2.52,1.74,2.38,1889340.00,214185460.00
18-04-2020,2.38,2.83,2.13,2.54,2501277.00,227202212.00
19-04-2020,2.42,3.00,2.30,2.55,2266880.00,228615047.00
20-04-2020,2.50,4.93,1.34,1.88,1822892.00,168051780.00
21-04-2020,2.72,3.53,1.46,2.41,4078426.00,214470292.00
22-04-2020,2.41,3.45,2.41,2.61,137227906.00,235131538.00
23-04-2020,2.60,3.02,2.47,2.96,198135262.00,266619725.00
24-04-2020,2.96,3.09,2.96,3.09,127338831.00,275709994.00
25-04-2020,3.09,5.70,3.08,5.29,82019138.00,474219927.00
26-04-2020,5.29,5.33,4.43,4.43,122800768.00,396598574.00
27-04-2020,4.43,7.67,4.10,6.61,414166377.00,1366095121.00
28-04-2020,6.62,7.60,5.69,5.72,281489777.00,1183352316.00
29-04-2020,5.71,5.78,2.31,2.82,4978160469.00,587655381.00
30-04-2020,2.81,3.28,2.44,2.53,12677981177.00,521258245.00
01-05-2020,2.53,2.71,2.49,2.53,2574474071.00,518586648.00
02-05-2020,2.53,2.60,2.39,2.42,120681561.00,500186665.00
03-05-2020,2.42,2.43,2.03,2.04,163956136.00,423173305.00
04-05-2020,2.05,2.05,1.82,1.82,178139656.00,375194837.00
05-05-2020,1.83,1.84,1.69,1.70,86558243.00,460473098.00
06-05-2020,1.71,1.77,1.58,1.59,77635512.00,431595010.00
07-05-2020,1.59,1.74,1.52,1.70,135679834.00,465811132.00
08-05-2020,1.70,1.70,1.52,1.54,57340102.00,419567208.00
09-05-2020,1.54,1.58,1.50,1.55,25979088.00,420266970.00
10-05-2020,1.55,1.55,1.30,1.36,51723791.00,368456090.00
11-05-2020,1.35,1.52,1.22,1.42,161545161.00,382901662.00
12-05-2020,1.42,1.57,1.34,1.57,349190193.00,429197872.00
13-05-2020,1.57,1.62,1.33,1.36,147416783.00,369376258.00
14-05-2020,1.36,1.40,1.22,1.27,218937667.00,345975919.00
15-05-2020,1.27,1.28,1.23,1.24,52143645.00,336160090.00
16-05-2020,1.24,1.26,1.20,1.20,139023079.00,327391536.00
17-05-2020,1.20,1.93,1.18,1.34,326634794.00,364409796.00
18-05-2020,1.34,1.39,1.23,1.31,273623350.00,358561184.00
19-05-2020,1.31,1.56,1.30,1.38,188177940.00,374554642.00
20-05-2020,1.38,1.38,1.23,1.26,178903279.00,342161554.00
21-05-2020,1.25,1.32,1.17,1.20,191829523.00,325646716.00
22-05-2020,1.20,1.30,1.20,1.22,99701044.00,329512281.00
23-05-2020,1.22,1.27,1.21,1.26,142050513.00,342357490.00
24-05-2020,1.26,1.40,1.24,1.27,176408780.00,344934487.00
25-05-2020,1.26,1.33,1.25,1.32,116569346.00,360728680.00
26-05-2020,1.33,1.34,1.29,1.31,81561939.00,356398118.00
27-05-2020,1.31,1.32,1.25,1.28,145208638.00,470266153.00
28-05-2020,1.28,1.32,1.26,1.26,149878401.00,594992515.00
29-05-2020,1.26,1.34,1.20,1.22,338791976.00,762062237.00
30-05-2020,1.23,1.23,1.17,1.17,219616818.00,730172135.00
31-05-2020,1.18,1.66,1.15,1.20,281326477.00,747311539.00
01-06-2020,1.20,1.25,1.16,1.19,213594824.00,738937812.00
02-06-2020,1.19,1.24,1.14,1.15,153844578.00,722689027.00
03-06-2020,1.15,1.42,1.15,1.20,120712307.00,747904560.00
04-06-2020,1.20,1.23,1.18,1.20,82871523.00,746106632.00
05-06-2020,1.20,1.22,1.16,1.17,226056072.00,733166974.00
06-06-2020,1.17,1.20,1.16,1.20,124124702.00,755217094.00
07-06-2020,1.20,1.30,1.17,1.28,385057958.00,805685447.00
08-06-2020,1.27,1.55,1.21,1.55,633048287.00,975224380.00
09-06-2020,1.56,1.59,1.31,1.41,673699732.00,882631815.00
10-06-2020,1.41,1.55,1.35,1.54,295434743.00,967575613.00
11-06-2020,1.52,1.53,1.21,1.30,362111746.00,815837116.00
12-06-2020,1.28,1.42,1.24,1.41,157176248.00,884858285.00
13-06-2020,1.43,1.43,1.29,1.33,109751650.00,834337663.00
14-06-2020,1.32,1.34,1.27,1.29,121478764.00,813857755.00
15-06-2020,1.29,1.31,1.19,1.28,139015606.00,803833212.00
16-06-2020,1.27,1.35,1.27,1.34,147405946.00,838845366.00
17-06-2020,1.34,1.35,1.30,1.32,102960873.00,829336534.00
18-06-2020,1.32,1.35,1.29,1.32,97133777.00,832658334.00
19-06-2020,1.33,1.33,1.26,1.32,85134085.00,833526460.00
20-06-2020,1.32,1.32,1.27,1.28,50242643.00,805798093.00
21-06-2020,1.27,1.30,1.23,1.27,213437025.00,798098535.00
22-06-2020,1.27,1.28,1.26,1.26,70544258.00,798816079.00
23-06-2020,1.27,1.29,1.25,1.26,81113732.00,796645049.00
24-06-2020,1.26,1.30,1.19,1.25,86467135.00,782447777.00
25-06-2020,1.25,1.25,1.20,1.23,86516734.00,772834317.00
26-06-2020,1.23,1.24,1.21,1.22,53858367.00,763685058.00
27-06-2020,1.22,1.23,1.17,1.18,68668912.00,739332280.00
28-06-2020,1.18,1.23,1.17,1.23,63226111.00,772744819.00
29-06-2020,1.23,1.23,1.19,1.20,37511098.00,754704046.00
30-06-2020,1.20,1.27,1.20,1.24,95732443.00,777210318.00
01-07-2020,1.24,1.27,1.23,1.25,83439720.00,787963012.00
02-07-2020,1.25,1.25,1.21,1.24,86245414.00,783603330.00
03-07-2020,1.24,1.24,1.20,1.21,69466195.00,766043010.00
04-07-2020,1.21,1.27,1.20,1.25,94109642.00,786435549.00
05-07-2020,1.25,1.26,1.22,1.24,64148672.00,781189930.00
06-07-2020,1.24,1.26,1.23,1.25,70256661.00,785054036.00
07-07-2020,1.25,1.26,1.23,1.25,53007271.00,780135167.00
08-07-2020,1.25,1.25,1.23,1.25,63723825.00,783302416.00
09-07-2020,1.25,1.27,1.23,1.25,92406689.00,783123946.00
10-07-2020,1.25,1.47,1.24,1.37,563590734.00,861646955.00
11-07-2020,1.37,1.39,1.26,1.28,212853087.00,806987861.00
12-07-2020,1.29,1.36,1.28,1.32,108366106.00,828020872.00
13-07-2020,1.32,1.34,1.25,1.27,188418036.00,795582935.00
14-07-2020,1.26,1.33,1.26,1.31,126124471.00,823824438.00
15-07-2020,1.31,1.36,1.31,1.32,142802198.00,831977447.00
16-07-2020,1.32,1.33,1.26,1.32,149618099.00,829603582.00
17-07-2020,1.32,1.34,1.29,1.32,117057823.00,834029793.00
18-07-2020,1.32,1.32,1.29,1.30,64072508.00,820199755.00
19-07-2020,1.30,1.32,1.29,1.30,70154136.00,817331625.00
20-07-2020,1.30,1.32,1.29,1.32,101767355.00,829320877.00
21-07-2020,1.32,1.36,1.31,1.35,96869107.00,851232120.00
22-07-2020,1.35,1.41,1.33,1.35,181773324.00,847526385.00
23-07-2020,1.34,1.40,1.34,1.38,102504080.00,867492979.00
24-07-2020,1.38,1.47,1.36,1.37,177445940.00,864364930.00
25-07-2020,1.37,1.38,1.31,1.32,97058887.00,830756408.00
26-07-2020,1.32,1.35,1.28,1.31,146661539.00,821058114.00
27-07-2020,1.31,1.34,1.26,1.29,156859976.00,808989161.00
28-07-2020,1.29,1.31,1.28,1.31,79807921.00,819665128.00
29-07-2020,1.31,1.38,1.30,1.32,110616292.00,828590197.00
30-07-2020,1.32,1.33,1.28,1.31,88319113.00,821580443.00
31-07-2020,1.31,1.34,1.30,1.30,87843203.00,817899850.00
01-08-2020,1.31,1.33,1.28,1.30,85526890.00,817196205.00
02-08-2020,1.30,1.30,1.24,1.27,108052916.00,799714783.00
03-08-2020,1.27,1.28,1.24,1.25,71156868.00,780421059.00
04-08-2020,1.25,1.29,1.24,1.26,94112832.00,794490732.00
05-08-2020,1.26,1.30,1.25,1.27,66485474.00,803835761.00
06-08-2020,1.27,1.29,1.26,1.27,67754994.00,796951227.00
07-08-2020,1.27,1.29,1.26,1.27,85776389.00,796375700.00
08-08-2020,1.27,1.29,1.27,1.27,42709709.00,797106536.00
09-08-2020,1.27,1.28,1.26,1.26,38584216.00,792084432.00
10-08-2020,1.26,1.28,1.26,1.27,79492781.00,800962327.00
11-08-2020,1.27,1.27,1.22,1.24,227641613.00,784003372.00
12-08-2020,1.24,1.26,1.22,1.25,73634646.00,786197750.00
13-08-2020,1.25,1.39,1.25,1.32,402407554.00,829365702.00
14-08-2020,1.32,1.43,1.30,1.35,234227125.00,847443800.00
15-08-2020,1.35,4.26,1.31,3.02,356393086.00,1900184963.00
16-08-2020,3.16,4.56,2.13,3.74,488597858.00,2353236414.00
17-08-2020,3.74,3.82,1.42,1.47,606086669.00,925604387.00
18-08-2020,1.48,1.52,1.35,1.36,275959075.00,855976602.00
19-08-2020,1.36,1.42,1.26,1.27,372663746.00,792343163.00
20-08-2020,1.27,1.30,1.22,1.27,221182568.00,798266463.00
21-08-2020,1.27,1.29,1.22,1.22,99362877.00,769888941.00
22-08-2020,1.23,1.25,1.20,1.24,98264431.00,780916276.00
23-08-2020,1.24,1.24,1.21,1.22,105506295.00,765022327.00
24-08-2020,1.21,1.22,1.20,1.21,83078052.00,770488498.00
25-08-2020,1.21,1.22,1.18,1.19,77207305.00,750503593.00
26-08-2020,1.19,1.23,1.17,1.22,135749888.00,766577062.00
27-08-2020,1.22,1.23,1.11,1.13,177532697.00,718435527.00
28-08-2020,1.13,1.15,1.12,1.12,115229675.00,708775524.00
29-08-2020,1.13,1.23,1.12,1.18,169985726.00,739783499.00
30-08-2020,1.18,1.20,1.17,1.18,42830634.00,740354930.00
31-08-2020,1.18,1.19,1.13,1.14,60176858.00,1382489639.00
01-09-2020,1.14,1.16,1.12,1.13,66902823.00,1384597045.00
02-09-2020,1.12,1.13,1.06,1.10,109169083.00,1358350826.00
03-09-2020,1.10,1.11,0.87,0.88,124329607.00,1082727212.00
04-09-2020,0.89,0.97,0.85,0.97,96734574.00,1195491748.00
05-09-2020,0.97,0.97,0.81,0.85,64945563.00,1036218398.00
06-09-2020,0.85,0.85,0.79,0.82,58506397.00,1005436195.00
07-09-2020,0.82,0.86,0.78,0.85,105971241.00,1037805682.00
08-09-2020,0.85,0.86,0.78,0.79,125172679.00,1023258724.00
09-09-2020,0.79,0.83,0.77,0.82,124366256.00,1080773908.00
10-09-2020,0.82,0.95,0.82,0.92,262475244.00,1207926813.00
11-09-2020,0.92,0.94,0.87,0.88,229423876.00,1156149347.00
12-09-2020,0.88,0.99,0.83,0.83,205690532.00,1100761494.00
13-09-2020,0.83,0.87,0.78,0.80,173563092.00,1056217343.00
14-09-2020,0.80,0.82,0.77,0.78,183354598.00,1035881345.00
15-09-2020,0.78,0.82,0.77,0.77,195717710.00,1020181730.00
16-09-2020,0.77,0.78,0.73,0.76,150424506.00,1028021202.00
17-09-2020,0.76,0.79,0.73,0.73,152159818.00,1011545201.00
18-09-2020,0.73,0.84,0.72,0.82,377767753.00,1301213991.00
19-09-2020,0.82,0.84,0.81,0.83,85320846.00,1334395272.00
20-09-2020,0.83,0.91,0.80,0.91,192343178.00,1479573256.00
21-09-2020,0.91,0.93,0.75,0.77,307557144.00,1238434633.00
22-09-2020,0.77,0.87,0.76,0.84,218194602.00,1373024601.00
23-09-2020,0.85,0.87,0.77,0.77,144717838.00,1255992205.00
24-09-2020,0.77,0.80,0.75,0.77,253192418.00,1250615289.00
25-09-2020,0.78,0.78,0.75,0.76,86795508.00,1249514896.00
26-09-2020,0.76,0.79,0.76,0.78,70767666.00,1281608855.00
27-09-2020,0.78,0.84,0.78,0.84,183319398.00,1372518120.00
28-09-2020,0.82,0.84,0.80,0.80,95855493.00,1366896813.00
29-09-2020,0.80,0.82,0.80,0.81,60823100.00,1378908367.00
30-09-2020,0.81,0.82,0.80,0.81,64192033.00,1379819251.00
01-10-2020,0.81,0.81,0.77,0.78,51491867.00,1336988394.00
02-10-2020,0.78,0.79,0.75,0.77,60862297.00,1302305273.00
03-10-2020,0.77,0.79,0.76,0.78,59654263.00,1334530225.00
04-10-2020,0.79,0.79,0.76,0.77,45679302.00,1308696638.00
05-10-2020,0.77,0.78,0.76,0.77,69720407.00,1320630760.00
06-10-2020,0.77,0.78,0.73,0.74,93977780.00,1252470142.00
07-10-2020,0.74,0.76,0.73,0.74,70483028.00,1273231912.00
08-10-2020,0.75,0.79,0.74,0.77,97717773.00,1309100615.00
09-10-2020,0.76,0.80,0.76,0.78,77553829.00,1332597833.00
10-10-2020,0.78,0.81,0.77,0.78,73980350.00,1338264205.00
11-10-2020,0.78,0.79,0.77,0.79,32525060.00,1356177984.00
12-10-2020,0.79,0.80,0.78,0.79,42832899.00,1363510964.00
13-10-2020,0.79,0.79,0.78,0.79,54029076.00,1414910804.00
14-10-2020,0.78,0.79,0.77,0.78,49842435.00,1406226978.00
15-10-2020,0.78,0.78,0.77,0.77,47920691.00,1390505463.00
16-10-2020,0.77,0.78,0.76,0.77,56001902.00,1387141227.00
17-10-2020,0.77,0.80,0.75,0.80,50369861.00,1447685784.00
18-10-2020,0.80,0.80,0.78,0.78,29146279.00,1416792408.00
19-10-2020,0.78,0.79,0.76,0.77,36729023.00,1394318268.00
20-10-2020,0.77,0.78,0.76,0.77,30937993.00,1401539539.00
21-10-2020,0.77,0.79,0.76,0.77,108399229.00,1386933251.00
22-10-2020,0.77,0.79,0.73,0.76,75740542.00,1371548330.00
23-10-2020,0.75,0.76,0.71,0.71,38669345.00,1289187836.00
24-10-2020,0.71,0.75,0.67,0.74,42141719.00,1333072254.00
25-10-2020,0.74,0.74,0.67,0.68,63565429.00,1233351766.00
26-10-2020,0.68,0.70,0.58,0.60,69609299.00,1088582479.00
27-10-2020,0.60,0.61,0.52,0.54,96368042.00,975382331.00
28-10-2020,0.54,0.59,0.43,0.55,173785154.00,984688778.00
29-10-2020,0.55,0.62,0.48,0.56,304850405.00,1049330540.00
30-10-2020,0.56,0.56,0.44,0.47,176089683.00,872179841.00
31-10-2020,0.47,0.53,0.44,0.53,249730757.00,980598365.00
01-11-2020,0.53,0.53,0.47,0.49,77927318.00,919370827.00
02-11-2020,0.49,0.50,0.48,0.49,34447588.00,918269555.00
03-11-2020,0.49,0.49,0.44,0.46,54349767.00,857296713.00
04-11-2020,0.46,0.48,0.45,0.46,31720796.00,886781293.00
05-11-2020,0.46,0.47,0.44,0.46,42861652.00,892132577.00
06-11-2020,0.46,0.55,0.46,0.51,126598320.00,993134141.00
07-11-2020,0.52,0.52,0.47,0.49,49853402.00,939274369.00
08-11-2020,0.49,0.50,0.48,0.49,10481786.00,948249293.00
09-11-2020,0.49,0.50,0.47,0.47,22776233.00,912056613.00
10-11-2020,0.47,0.51,0.47,0.50,39587695.00,956414364.00
11-11-2020,0.50,0.51,0.50,0.51,18545624.00,967969239.00
12-11-2020,0.51,0.51,0.47,0.50,24870255.00,946947258.00
13-11-2020,0.50,0.52,0.46,0.49,38323881.00,942698334.00
14-11-2020,0.49,0.49,0.48,0.49,24697261.00,927585521.00
15-11-2020,0.49,0.49,0.48,0.48,15393614.00,913651592.00
16-11-2020,0.48,0.49,0.47,0.48,20185877.00,922525870.00
17-11-2020,0.48,0.50,0.47,0.48,22307400.00,919811219.00
18-11-2020,0.48,0.49,0.46,0.47,32215419.00,901940363.00
19-11-2020,0.47,0.48,0.46,0.47,27427680.00,897398069.00
20-11-2020,0.47,0.49,0.46,0.49,25533857.00,960886909.00
21-11-2020,0.49,0.51,0.48,0.49,33595369.00,959023331.00
22-11-2020,0.49,0.49,0.47,0.47,36419600.00,922674831.00
23-11-2020,0.47,0.48,0.47,0.48,59119946.00,932413618.00
24-11-2020,0.48,0.51,0.46,0.49,95492076.00,962448058.00
25-11-2020,0.47,0.55,0.47,0.53,80404271.00,1036658347.00
26-11-2020,0.53,0.54,0.45,0.51,57667561.00,990349313.00
27-11-2020,0.51,0.57,0.49,0.53,54648653.00,1032060962.00
28-11-2020,0.53,0.59,0.52,0.57,52371365.00,1153496468.00
29-11-2020,0.57,0.58,0.55,0.56,42399172.00,1121204148.00
30-11-2020,0.56,0.58,0.50,0.52,84609081.00,1045189205.00
01-12-2020,0.52,0.53,0.49,0.51,62787226.00,1059641988.00
02-12-2020,0.51,0.56,0.50,0.53,18104090.00,1089606253.00
03-12-2020,0.53,0.55,0.52,0.53,49210092.00,1079843623.00
04-12-2020,0.53,0.60,0.51,0.52,18098283.00,1079757778.00
05-12-2020,0.52,0.69,0.51,0.68,5194051770.00,1434384007.00
06-12-2020,0.68,0.68,0.59,0.63,2314873403.00,1331010753.00
07-12-2020,0.63,0.67,0.56,0.57,261378055.00,1200962635.00
08-12-2020,0.57,0.60,0.53,0.53,82165796.00,1122228389.00
09-12-2020,0.53,0.56,0.49,0.53,81747881.00,1125980507.00
10-12-2020,0.53,0.54,0.51,0.54,32446171.00,1132703670.00
11-12-2020,0.54,0.55,0.50,0.51,115183111.00,1078259120.00
12-12-2020,0.51,0.54,0.50,0.52,19439586.00,1086507088.00
13-12-2020,0.52,0.55,0.50,0.53,76666512.00,1106833904.00
14-12-2020,0.52,0.53,0.52,0.52,52802880.00,1092631633.00
15-12-2020,0.52,0.52,0.49,0.50,32076200.00,1050282562.00
16-12-2020,0.50,0.50,0.39,0.47,91498106.00,990822582.00
17-12-2020,0.47,0.48,0.45,0.47,42259899.00,986746611.00
18-12-2020,0.47,0.47,0.45,0.46,21269566.00,978935329.00
19-12-2020,0.47,0.49,0.46,0.47,28052859.00,1002602788.00
20-12-2020,0.47,0.49,0.47,0.48,21606756.00,1020884978.00
21-12-2020,0.48,0.48,0.45,0.46,31636086.00,978017580.00
22-12-2020,0.46,0.47,0.37,0.44,110475406.00,961726259.00
23-12-2020,0.44,0.44,0.35,0.37,52046932.00,809485554.00
24-12-2020,0.37,0.39,0.35,0.39,41593576.00,847089511.00
25-12-2020,0.39,0.41,0.36,0.37,33197453.00,814359872.00
26-12-2020,0.38,0.38,0.36,0.37,12263439.00,802957435.00
27-12-2020,0.37,0.39,0.36,0.36,15275607.00,779709854.00
28-12-2020,0.36,0.38,0.35,0.36,12941818.00,774652813.00
29-12-2020,0.36,0.36,0.33,0.33,23074826.00,740811600.00
30-12-2020,0.33,0.34,0.29,0.31,42832360.00,700340203.00
31-12-2020,0.31,0.32,0.30,0.31,42270873.00,700247684.00
01-01-2021,0.31,0.31,0.29,0.29,42868067.00,663956203.00
02-01-2021,0.29,0.31,0.28,0.30,67728789.00,682775662.00
03-01-2021,0.30,0.30,0.25,0.27,77610743.00,623902748.00
04-01-2021,0.27,0.28,0.22,0.27,100352099.00,618625150.00
05-01-2021,0.27,0.34,0.24,0.34,208687736.00,786064776.00
06-01-2021,0.33,0.34,0.26,0.28,284337025.00,664473422.00
07-01-2021,0.28,0.32,0.27,0.31,245558087.00,740456468.00
08-01-2021,0.31,0.36,0.28,0.34,4444517.00,806010190.00
09-01-2021,0.34,0.44,0.32,0.39,485963527.00,940920941.00
10-01-2021,0.39,0.42,0.34,0.37,198224418.00,877439917.00
11-01-2021,0.37,0.37,0.28,0.31,290037792.00,743777948.00
12-01-2021,0.31,0.35,0.28,0.31,113219240.00,738885906.00
13-01-2021,0.31,0.35,0.28,0.33,61776277.00,797965900.00
14-01-2021,0.33,0.34,0.31,0.32,30211138.00,771263349.00
15-01-2021,0.32,0.33,0.29,0.33,58256993.00,793075823.00
16-01-2021,0.32,0.34,0.31,0.32,31727287.00,764012432.00
17-01-2021,0.32,0.32,0.31,0.31,11005894.00,752844436.00
18-01-2021,0.31,0.32,0.30,0.32,51390112.00,774707847.00
19-01-2021,0.32,0.41,0.31,0.38,255563897.00,918735871.00
20-01-2021,0.39,0.39,0.32,0.34,182077686.00,829059368.00
21-01-2021,0.34,0.36,0.31,0.32,58156971.00,758765198.00
22-01-2021,0.32,0.34,0.30,0.34,59227889.00,810996531.00
23-01-2021,0.34,0.34,0.32,0.33,365686.00,785583972.00
24-01-2021,0.33,0.34,0.28,0.34,65561387.00,806799520.00
25-01-2021,0.34,0.34,0.31,0.33,38370024.00,782299281.00
26-01-2021,0.32,0.34,0.31,0.34,15530714.00,854722162.00
27-01-2021,0.34,0.34,0.31,0.32,60532045.00,810188090.00
28-01-2021,0.32,0.35,0.31,0.32,52270170.00,816904247.00
29-01-2021,0.32,0.33,0.30,0.31,83463106.00,790337418.00
30-01-2021,0.31,0.32,0.30,0.30,82453795.00,763050210.00
31-01-2021,0.30,0.32,0.28,0.31,88656146.00,780932565.00
01-02-2021,0.31,0.32,0.29,0.30,86556895.00,757844056.00
02-02-2021,0.30,0.36,0.29,0.33,98703515.00,1100582578.00
03-02-2021,0.33,0.36,0.33,0.34,54502238.00,1120504463.00
04-02-2021,0.34,0.37,0.33,0.36,76871414.00,1189861581.00
05-02-2021,0.36,0.41,0.35,0.37,176377768.00,1241610040.00
06-02-2021,0.37,0.60,0.36,0.44,51264223715.00,1629511629.00
07-02-2021,0.43,0.54,0.42,0.49,64966102820.00,1885012915.00
08-02-2021,0.49,0.51,0.39,0.43,430572804.00,1645389715.00
09-02-2021,0.43,0.46,0.41,0.44,265081878.00,1708354617.00
10-02-2021,0.44,0.46,0.42,0.44,129156896.00,1733025272.00
11-02-2021,0.44,0.46,0.42,0.44,238575743.00,1772054873.00
12-02-2021,0.44,0.45,0.43,0.43,72139138.00,1772489381.00
13-02-2021,0.43,0.45,0.43,0.44,98506814.00,1828915254.00
14-02-2021,0.44,0.45,0.43,0.44,78644947.00,1818820276.00
15-02-2021,0.44,0.44,0.38,0.43,130213739.00,1799591412.00
16-02-2021,0.44,0.45,0.42,0.44,55090020.00,1804201591.00
17-02-2021,0.43,0.44,0.40,0.44,75962839.00,1836464964.00
18-02-2021,0.44,0.51,0.43,0.48,21462511.00,1977939013.00
19-02-2021,0.50,0.51,0.45,0.49,99956747.00,2030499895.00
20-02-2021,0.49,0.51,0.43,0.48,115784908.00,2115730431.00
21-02-2021,0.48,0.50,0.42,0.42,707877.00,1844225446.00
22-02-2021,0.42,0.49,0.37,0.43,135052931.00,1905720923.00
23-02-2021,0.43,0.44,0.34,0.39,17565877.00,1717681567.00
24-02-2021,0.39,0.42,0.38,0.40,57555197.00,1785038273.00
25-02-2021,0.41,0.41,0.39,0.39,40442620.00,1718368971.00
26-02-2021,0.39,0.41,0.37,0.40,27089443.00,1737796134.00
27-02-2021,0.40,0.47,0.38,0.42,175431494.00,1854657153.00
28-02-2021,0.42,0.43,0.35,0.40,51208037.00,1770498661.00
01-03-2021,0.40,0.43,0.35,0.43,72441932.00,1889043588.00
02-03-2021,0.42,0.43,0.38,0.41,37324091.00,1823095372.00
03-03-2021,0.41,0.43,0.41,0.41,68181589.00,1833481381.00
04-03-2021,0.42,0.42,0.37,0.41,11204820.00,1810504837.00
05-03-2021,0.41,0.42,0.36,0.41,70841611.00,1810315442.00
06-03-2021,0.41,0.43,0.37,0.40,56084846.00,1782931993.00
07-03-2021,0.40,0.42,0.37,0.41,44149818.00,1831206519.00
08-03-2021,0.41,0.42,0.37,0.41,51549582.00,1795486053.00
09-03-2021,0.41,0.43,0.40,0.43,82397240.00,1899082419.00
10-03-2021,0.43,0.47,0.41,0.44,161615654.00,1937533823.00
11-03-2021,0.44,0.47,0.42,0.46,105094625.00,2035023526.00
12-03-2021,0.46,0.47,0.42,0.46,28410307.00,2021579181.00
13-03-2021,0.46,0.54,0.41,0.54,242068273.00,2387935368.00
14-03-2021,0.54,0.60,0.49,0.58,284618930.00,2595251077.00
15-03-2021,0.57,0.63,0.49,0.62,412114223.00,2783491812.00
16-03-2021,0.62,0.66,0.56,0.61,309956049.00,2782762577.00
17-03-2021,0.61,0.76,0.59,0.76,606538338.00,3422730165.00
18-03-2021,0.76,1.23,0.76,1.12,3622704211.00,5078720565.00
19-03-2021,1.12,1.24,0.97,1.10,1418158125.00,5053279160.00
20-03-2021,1.11,1.26,1.01,1.01,1379543609.00,4631774475.00
21-03-2021,1.02,1.17,1.00,1.06,523639182.00,4844756244.00
22-03-2021,1.06,1.08,0.85,0.90,421047852.00,4125266261.00
23-03-2021,0.90,0.93,0.76,0.92,398098736.00,4198675439.00
24-03-2021,0.92,1.00,0.84,0.89,371982031.00,4088960132.00
25-03-2021,0.89,0.91,0.83,0.89,173771966.00,4123582215.00
26-03-2021,0.89,0.98,0.87,0.96,322757542.00,4459301198.00
27-03-2021,0.96,1.08,0.85,1.05,467414818.00,4842705097.00
28-03-2021,1.05,1.08,0.99,1.00,284130153.00,4650410658.00
29-03-2021,1.00,1.90,0.98,1.47,1923380777.00,6796873992.00
30-03-2021,1.49,2.23,1.40,1.99,3440859241.00,9110499244.00
31-03-2021,2.00,2.12,1.66,1.77,1534569374.00,8307686289.00
01-04-2021,1.76,1.94,1.68,1.81,1021307296.00,8457705872.00
02-04-2021,1.82,1.93,1.74,1.77,677807708.00,8262313849.00
03-04-2021,1.77,1.87,1.61,1.76,569297142.00,8231336060.00
04-04-2021,1.76,1.83,1.68,1.81,323005414.00,8463125645.00
05-04-2021,1.81,1.81,1.43,1.48,107440166.00,6919838480.00
06-04-2021,1.48,1.51,1.18,1.36,109160901.00,6334847427.00
07-04-2021,1.36,1.38,1.13,1.28,96878187.00,5936820079.00
08-04-2021,1.28,1.46,1.21,1.46,60629197.00,6817074718.00
09-04-2021,1.45,1.48,1.35,1.42,56673575.00,6616729618.00
10-04-2021,1.42,1.46,1.30,1.34,27266223.00,6271320328.00
11-04-2021,1.34,1.42,1.25,1.38,59069806.00,6458792853.00
12-04-2021,1.38,1.38,1.27,1.29,47134850.00,6038319363.00
13-04-2021,1.29,1.37,1.23,1.32,42214198.00,6155229027.00
14-04-2021,1.32,1.33,1.11,1.19,53008826.00,5577384296.00
15-04-2021,1.19,1.36,1.18,1.36,34746482.00,6414480054.00
16-04-2021,1.39,1.64,1.21,1.32,61295985.00,6182486678.00
17-04-2021,1.32,1.32,1.15,1.20,41042249.00,5628324043.00
18-04-2021,1.20,1.24,0.95,1.05,68237907.00,4906347990.00
19-04-2021,1.05,1.09,0.99,1.03,31304809.00,4817194450.00
20-04-2021,1.03,1.03,0.90,1.00,32050160.00,4666017068.00
21-04-2021,1.00,1.34,0.99,1.29,77083822.00,6060406346.00
22-04-2021,1.29,1.34,0.98,0.98,41200657.00,4612023608.00
23-04-2021,0.98,1.02,0.83,0.95,59994213.00,4459598459.00
24-04-2021,0.95,0.99,0.87,0.94,29040854.00,4385034194.00
25-04-2021,0.94,1.04,0.87,0.90,40976353.00,4193547697.00
26-04-2021,0.90,1.09,0.90,1.08,141917347.00,5062841963.00
27-04-2021,1.08,1.12,1.07,1.08,149280720.00,5075083983.00
28-04-2021,1.08,1.16,1.02,1.05,183350507.00,4916817519.00
29-04-2021,1.05,1.06,1.00,1.03,105195047.00,4822698688.00
30-04-2021,1.03,1.03,0.97,1.02,113596392.00,4759388185.00
01-05-2021,1.02,1.13,1.01,1.12,117831244.00,5235637488.00
02-05-2021,1.12,1.12,1.01,1.05,120423467.00,4917106625.00
03-05-2021,1.05,1.10,1.03,1.03,128066489.00,4854192625.00
04-05-2021,1.04,1.04,0.95,0.95,112970586.00,4447203694.00
05-05-2021,0.95,0.95,0.87,0.93,90871664.00,4362457239.00
06-05-2021,0.93,0.94,0.84,0.86,116263152.00,4042792823.00
07-05-2021,0.86,0.89,0.80,0.87,105436420.00,4109575512.00
08-05-2021,0.87,0.93,0.77,0.84,129899773.00,3945134654.00
09-05-2021,0.84,0.88,0.77,0.87,88338558.00,4092112168.00
10-05-2021,0.87,0.93,0.82,0.82,123370586.00,3815673585.00
11-05-2021,0.82,0.86,0.79,0.83,57219832.00,3911889874.00
12-05-2021,0.83,0.85,0.80,0.80,63380512.00,3722750328.00
13-05-2021,0.79,0.82,0.75,0.80,55745374.00,3757049375.00
14-05-2021,0.80,0.80,0.76,0.77,54828636.00,3599642197.00
15-05-2021,0.77,0.77,0.71,0.71,40531626.00,3631595813.00
16-05-2021,0.72,0.79,0.64,0.73,116121509.00,3709888640.00
17-05-2021,0.72,0.80,0.67,0.71,157874624.00,3594853702.00
18-05-2021,0.71,0.81,0.70,0.73,137714458.00,3722756666.00
19-05-2021,0.73,0.75,0.52,0.63,147878094.00,3222872406.00
20-05-2021,0.64,0.67,0.55,0.62,63975220.00,3139853956.00
21-05-2021,0.62,0.64,0.53,0.58,103801675.00,2937535971.00
22-05-2021,0.58,0.59,0.51,0.55,67216974.00,2796834079.00
23-05-2021,0.55,0.57,0.40,0.46,56793272.00,2339966332.00
24-05-2021,0.46,0.53,0.45,0.52,64130779.00,2668578407.00
25-05-2021,0.52,0.56,0.49,0.52,40257954.00,2668597856.00
26-05-2021,0.52,0.57,0.51,0.56,53622190.00,2833149495.00
27-05-2021,0.56,0.56,0.50,0.51,32176766.00,2622461594.00
28-05-2021,0.52,0.52,0.47,0.49,71806547.00,2569750407.00
29-05-2021,0.49,0.52,0.49,0.49,99441504.00,2551586011.00
30-05-2021,0.49,0.51,0.49,0.50,79942096.00,2584786301.00
31-05-2021,0.50,0.53,0.50,0.52,84789703.00,2710247544.00
01-06-2021,0.52,0.55,0.51,0.53,169325018.00,2719648165.00
02-06-2021,0.53,0.57,0.53,0.53,228639879.00,2816247208.00
03-06-2021,0.53,0.59,0.53,0.59,174466135.00,3103503618.00
04-06-2021,0.59,0.59,0.54,0.56,126415874.00,2956426174.00
05-06-2021,0.56,0.58,0.54,0.55,49748173.00,2901146112.00
06-06-2021,0.55,0.59,0.54,0.58,221978715.00,3082212438.00
07-06-2021,0.58,0.65,0.56,0.56,221753110.00,2956753773.00
08-06-2021,0.56,0.57,0.52,0.56,238278233.00,2955569738.00
09-06-2021,0.56,0.57,0.53,0.54,161945391.00,2880429490.00
10-06-2021,0.54,0.55,0.52,0.52,72802969.00,2739999138.00
11-06-2021,0.52,0.57,0.47,0.51,152081149.00,2675998893.00
12-06-2021,0.50,0.51,0.42,0.46,108594672.00,2439727657.00
13-06-2021,0.46,0.47,0.42,0.45,49914875.00,2384914648.00
14-06-2021,0.45,0.52,0.44,0.48,93093076.00,2537996491.00
15-06-2021,0.51,0.55,0.48,0.52,216431958.00,2736505334.00
16-06-2021,0.48,0.48,0.42,0.43,130497468.00,2287070821.00
17-06-2021,0.43,0.45,0.42,0.44,89364858.00,2341013423.00
18-06-2021,0.44,0.44,0.42,0.42,34852611.00,2211622405.00
19-06-2021,0.42,0.42,0.38,0.39,20188231.00,2052924010.00
20-06-2021,0.39,0.41,0.36,0.39,251985358.00,2039712542.00
21-06-2021,0.39,0.40,0.30,0.31,58148359.00,1656431491.00
22-06-2021,0.31,0.31,0.23,0.26,69614033.00,1375182194.00
23-06-2021,0.26,0.30,0.26,0.28,63521376.00,1506827819.00
24-06-2021,0.29,0.32,0.28,0.32,75273889.00,1702859298.00
25-06-2021,0.32,0.35,0.31,0.31,152376877.00,1659754384.00
26-06-2021,0.31,0.34,0.31,0.32,97853490.00,1692758580.00
27-06-2021,0.32,0.32,0.31,0.31,61089222.00,1663837526.00
28-06-2021,0.31,0.32,0.30,0.31,61846116.00,1631375072.00
29-06-2021,0.31,0.34,0.31,0.32,112149088.00,1687292547.00
30-06-2021,0.32,0.32,0.31,0.32,158085168.00,1674888328.00
01-07-2021,0.32,0.33,0.31,0.32,104339069.00,1676148260.00
02-07-2021,0.32,0.35,0.31,0.32,116716366.00,1705494803.00
03-07-2021,0.32,0.34,0.32,0.33,166537477.00,1753631240.00
04-07-2021,0.33,0.35,0.33,0.33,121183979.00,1772478612.00
05-07-2021,0.33,0.34,0.32,0.33,91563262.00,1772419577.00
06-07-2021,0.33,0.33,0.32,0.33,77203129.00,1741188206.00
07-07-2021,0.33,0.34,0.32,0.32,106686615.00,1701952396.00
08-07-2021,0.32,0.32,0.30,0.30,140019658.00,1596493168.00
09-07-2021,0.30,0.31,0.29,0.30,133265368.00,1604009093.00
10-07-2021,0.30,0.31,0.29,0.30,118039041.00,1567171284.00
11-07-2021,0.30,0.30,0.29,0.30,52103612.00,1571493012.00
12-07-2021,0.30,0.31,0.29,0.30,67060442.00,1565191587.00
13-07-2021,0.30,0.30,0.27,0.28,62809969.00,1455373365.00
14-07-2021,0.28,0.28,0.25,0.26,43763996.00,1397242226.00
15-07-2021,0.26,0.27,0.25,0.25,64848275.00,1328913531.00
16-07-2021,0.25,0.28,0.25,0.25,146541025.00,1327794212.00
17-07-2021,0.25,0.25,0.24,0.24,122093292.00,1281169753.00
18-07-2021,0.24,0.27,0.24,0.25,180030682.00,1348412121.00
19-07-2021,0.25,0.29,0.25,0.27,158406541.00,1412315728.00
20-07-2021,0.27,0.27,0.22,0.24,139815862.00,1252276597.00
21-07-2021,0.24,0.26,0.23,0.24,111128007.00,1293395763.00
22-07-2021,0.24,0.25,0.24,0.25,267184814.00,1302708953.00
23-07-2021,0.25,0.29,0.24,0.26,284824568.00,1379313796.00
24-07-2021,0.26,0.26,0.25,0.25,88588206.00,1342653853.00
25-07-2021,0.25,0.25,0.24,0.24,66505762.00,1294147224.00
26-07-2021,0.24,0.26,0.24,0.25,128919910.00,1310707585.00
27-07-2021,0.25,0.25,0.24,0.25,75813977.00,1308866575.00
28-07-2021,0.25,0.25,0.24,0.25,103971553.00,1308666886.00
29-07-2021,0.25,0.30,0.24,0.26,143512794.00,1360596312.00
30-07-2021,0.26,0.27,0.25,0.26,174287502.00,1373278541.00
31-07-2021,0.26,0.28,0.26,0.27,103920925.00,1403469424.00
01-08-2021,0.27,0.27,0.26,0.26,72442414.00,1365885861.00
02-08-2021,0.26,0.27,0.25,0.25,158916269.00,1340870267.00
03-08-2021,0.25,0.27,0.25,0.26,166092777.00,1390724101.00
04-08-2021,0.26,0.28,0.26,0.28,125855212.00,1462139853.00
05-08-2021,0.28,0.28,0.27,0.27,104836740.00,1433870839.00
06-08-2021,0.27,0.28,0.26,0.28,85143635.00,1452468073.00
07-08-2021,0.27,0.31,0.27,0.31,94619774.00,1627626567.00
08-08-2021,0.31,0.35,0.28,0.30,197364105.00,1557316379.00
09-08-2021,0.30,0.31,0.27,0.29,122606810.00,1542670379.00
10-08-2021,0.29,0.29,0.28,0.28,98261890.00,1497247797.00
11-08-2021,0.28,0.31,0.28,0.30,217222358.00,1569767805.00
12-08-2021,0.30,0.33,0.29,0.31,300550237.00,1655508685.00
13-08-2021,0.31,0.37,0.30,0.37,316453952.00,1964818542.00
14-08-2021,0.37,0.43,0.34,0.38,491585070.00,1998324667.00
15-08-2021,0.38,0.41,0.36,0.37,321978402.00,1982129605.00
16-08-2021,0.37,0.39,0.33,0.34,248248248.00,1787177038.00
17-08-2021,0.34,0.35,0.31,0.31,214994999.00,1640738054.00
18-08-2021,0.31,0.33,0.30,0.31,165136073.00,1657593704.00
19-08-2021,0.31,0.32,0.30,0.32,143349435.00,1685929896.00
20-08-2021,0.32,0.33,0.31,0.32,194469706.00,1688528948.00
21-08-2021,0.32,0.35,0.32,0.34,224998909.00,1797928533.00
22-08-2021,0.34,0.35,0.33,0.33,150457783.00,1759220150.00
23-08-2021,0.33,0.39,0.33,0.36,696396088.00,1924303034.00
24-08-2021,0.36,0.40,0.33,0.36,1069989398.00,1907156634.00
25-08-2021,0.36,0.41,0.33,0.34,510870403.00,1822047619.00
26-08-2021,0.35,0.36,0.31,0.31,270699466.00,1634519239.00
27-08-2021,0.31,0.32,0.29,0.31,245432211.00,1647990498.00
28-08-2021,0.31,0.33,0.30,0.33,255397979.00,1732367228.00
29-08-2021,0.33,0.34,0.31,0.32,315005106.00,1674230545.00
30-08-2021,0.32,0.33,0.30,0.31,218984866.00,1629289168.00
31-08-2021,0.31,0.34,0.30,0.34,298680076.00,1785049436.00
01-09-2021,0.34,0.35,0.32,0.34,326554217.00,1781632992.00
02-09-2021,0.33,0.34,0.33,0.34,175216668.00,1781224977.00
03-09-2021,0.34,0.34,0.32,0.33,168360658.00,1736384446.00
04-09-2021,0.33,0.36,0.32,0.36,217774696.00,1896713128.00
05-09-2021,0.36,0.47,0.36,0.47,1571680129.00,2485662281.00
06-09-2021,0.47,0.63,0.46,0.60,1466747599.00,3164826047.00
07-09-2021,0.60,0.60,0.44,0.49,906061896.00,2561844641.00
08-09-2021,0.49,0.52,0.41,0.52,517724221.00,2710724919.00
09-09-2021,0.57,0.73,0.49,0.69,1741629057.00,3666398090.00
10-09-2021,0.69,0.79,0.63,0.65,1646553036.00,3432479009.00
11-09-2021,0.65,0.73,0.64,0.67,700233056.00,3570754459.00
12-09-2021,0.68,0.71,0.65,0.69,462544948.00,3677050442.00
13-09-2021,0.70,0.70,0.56,0.59,577280138.00,3122864322.00
14-09-2021,0.59,0.66,0.57,0.59,485922635.00,3140380926.00
15-09-2021,0.60,0.61,0.58,0.58,329058819.00,3070509009.00
16-09-2021,0.58,0.67,0.58,0.65,582560535.00,3426622914.00
17-09-2021,0.65,0.66,0.59,0.59,299975867.00,3140282481.00
18-09-2021,0.60,0.65,0.59,0.63,293284439.00,3339677057.00
19-09-2021,0.63,0.66,0.62,0.63,401463522.00,3315572806.00
20-09-2021,0.63,0.63,0.51,0.52,490966732.00,2765366132.00
21-09-2021,0.52,0.55,0.44,0.45,377823864.00,2375218928.00
22-09-2021,0.45,0.56,0.45,0.56,297412952.00,2972446184.00
23-09-2021,0.56,0.59,0.53,0.58,364214219.00,3092827395.00
24-09-2021,0.58,0.59,0.49,0.54,315852172.00,2855789235.00
25-09-2021,0.54,0.76,0.53,0.66,1098199795.00,3514226339.00
26-09-2021,0.67,0.67,0.58,0.61,720546847.00,3252614928.00
27-09-2021,0.62,0.65,0.60,0.62,396808442.00,3263773693.00
28-09-2021,0.62,0.62,0.57,0.57,293434671.00,3017667836.00
29-09-2021,0.57,0.62,0.57,0.60,311190201.00,3164463562.00
30-09-2021,0.60,0.64,0.60,0.62,237853504.00,3297640918.00
01-10-2021,0.62,0.74,0.61,0.74,527304582.00,3907688540.00
02-10-2021,0.74,0.83,0.72,0.79,883977545.00,4159947858.00
03-10-2021,0.79,1.01,0.77,0.96,1459907784.00,5083965341.00
04-10-2021,0.96,1.18,0.91,1.14,1392212688.00,6012803547.00
05-10-2021,1.14,1.29,1.08,1.22,1583777698.00,6447670727.00
06-10-2021,1.22,1.22,0.99,1.10,1555302474.00,5827125402.00
07-10-2021,1.10,1.13,1.03,1.07,849211789.00,5658800912.00
08-10-2021,1.07,1.31,1.06,1.31,1092751484.00,6880614385.00
09-10-2021,1.31,1.86,1.30,1.80,3288781164.00,9548998243.00
10-10-2021,1.80,2.07,1.60,1.63,3038150471.00,8615691214.00
11-10-2021,1.63,1.94,1.59,1.72,2277720722.00,9111685850.00
12-10-2021,1.72,2.16,1.64,2.11,2241360263.00,11177031853.00
13-10-2021,2.11,2.24,1.97,2.08,2495672253.00,11050800825.00
14-10-2021,2.08,2.13,1.95,2.01,1467299346.00,10696333027.00
15-10-2021,2.01,2.38,1.96,2.29,2082888235.00,12132550602.00
16-10-2021,2.29,3.05,2.23,3.05,4075293913.00,16146098816.00
17-10-2021,3.06,3.75,2.89,3.16,8444794422.00,16721308668.00
18-10-2021,3.17,3.44,2.90,3.39,3985572029.00,17884265287.00
19-10-2021,3.39,3.74,3.19,3.50,4192209046.00,18536244607.00
20-10-2021,3.50,3.50,3.11,3.29,2949030327.00,17466947994.00
21-10-2021,3.29,3.29,2.65,3.13,3407182704.00,16538515442.00
22-10-2021,3.13,3.16,2.51,2.90,2789093487.00,15327124245.00
23-10-2021,2.90,3.22,2.78,3.09,2364799164.00,16334155740.00
24-10-2021,3.09,3.46,2.98,2.99,2624561485.00,15822041865.00
25-10-2021,2.99,3.27,2.93,3.15,2223157665.00,16674673759.00
26-10-2021,3.14,3.16,2.66,2.70,2467513903.00,14312105604.00
27-10-2021,2.71,2.87,2.39,2.70,2573364192.00,14257247551.00
28-10-2021,2.69,2.79,2.33,2.57,2316185571.00,21578247928.00
29-10-2021,2.56,2.68,2.39,2.58,1588804333.00,21579116373.00
30-10-2021,2.58,2.58,2.17,2.19,1545866700.00,18393818029.00
31-10-2021,2.20,2.52,1.99,2.37,2315157118.00,19931598877.00
01-11-2021,2.37,2.42,2.18,2.26,1435702109.00,18991827383.00
02-11-2021,2.26,2.38,2.13,2.25,1434526451.00,18881291306.00
03-11-2021,2.25,2.32,2.06,2.07,1820433229.00,17481146402.00
04-11-2021,2.08,2.22,2.01,2.20,1950693670.00,18463420609.00
05-11-2021,2.20,2.73,2.19,2.59,3105234754.00,21844252162.00
06-11-2021,2.58,2.71,2.30,2.38,1462786445.00,19976811268.00
07-11-2021,2.38,2.57,2.36,2.43,1102659989.00,20401467696.00
08-11-2021,2.42,2.44,2.28,2.30,1408828187.00,19402441156.00
09-11-2021,2.29,2.55,2.14,2.40,1508683716.00,20135833155.00
10-11-2021,2.39,2.89,2.21,2.35,2225472965.00,19687675913.00
11-11-2021,2.35,2.48,2.30,2.46,989683423.00,20685154755.00
12-11-2021,2.46,3.17,2.41,2.98,3338947687.00,25084338110.00
13-11-2021,2.99,3.16,2.78,2.99,1963244443.00,25192342986.00
14-11-2021,2.99,3.00,2.70,2.72,1127570992.00,22857578185.00
15-11-2021,2.72,2.81,2.55,2.58,1164162525.00,21711560961.00
16-11-2021,2.59,2.59,2.26,2.40,1081340391.00,20166374113.00
17-11-2021,2.38,2.41,2.22,2.34,950640424.00,19743908743.00
18-11-2021,2.33,2.49,2.04,2.10,1010750164.00,17681166285.00
19-11-2021,2.09,2.28,2.09,2.24,685265455.00,18825711083.00
20-11-2021,2.24,2.28,2.11,2.25,647551245.00,18952282245.00
21-11-2021,2.25,2.25,2.15,2.16,540202161.00,18259269050.00
22-11-2021,2.17,2.17,1.94,1.99,807678198.00,16737434810.00
23-11-2021,1.98,2.17,1.93,2.13,788100282.00,18031889023.00
24-11-2021,2.13,2.13,1.81,2.02,794932543.00,17059178747.00
25-11-2021,1.83,2.06,1.82,1.85,984561049.00,15653290021.00
26-11-2021,2.00,2.01,1.62,1.69,936735573.00,14191172650.00
27-11-2021,1.69,1.79,1.60,1.62,517802385.00,13659233075.00
28-11-2021,1.62,1.71,1.43,1.71,1139969531.00,14422888467.00
29-11-2021,1.70,2.02,1.64,1.96,1247113828.00,16533119796.00
30-11-2021,1.95,2.06,1.81,1.85,929269923.00,15621877575.00
01-12-2021,1.85,1.89,1.68,1.74,561344679.00,14693898550.00
02-12-2021,1.74,1.77,1.65,1.71,427738828.00,14423237686.00
03-12-2021,1.71,1.73,1.48,1.56,664025742.00,13130276920.00
04-12-2021,1.56,1.57,1.25,1.39,576603593.00,11760048889.00
05-12-2021,1.39,1.44,1.26,1.27,368364587.00,10701299477.00
06-12-2021,1.27,1.41,1.04,1.36,972159131.00,11413434603.00
07-12-2021,1.36,1.39,1.25,1.27,423347514.00,10733949348.00
08-12-2021,1.28,1.50,1.25,1.46,485533097.00,12339333875.00
09-12-2021,1.46,1.48,1.23,1.26,499733658.00,10636581852.00
10-12-2021,1.26,1.46,1.25,1.29,533438594.00,10843948151.00
11-12-2021,1.29,1.41,1.24,1.37,471465502.00,11577621756.00
12-12-2021,1.37,1.39,1.30,1.33,260863284.00,11218321543.00
13-12-2021,1.33,1.35,1.10,1.18,490005853.00,9948561221.00
14-12-2021,1.18,1.20,1.11,1.11,305389216.00,9404630446.00
15-12-2021,1.17,1.25,1.11,1.22,321719844.00,10343789850.00
16-12-2021,1.22,1.34,1.21,1.22,432289273.00,10344492006.00
17-12-2021,1.22,1.25,1.16,1.20,248033908.00,10214267147.00
18-12-2021,1.20,1.26,1.18,1.25,139939873.00,10605155744.00
19-12-2021,1.25,1.49,1.23,1.37,862146805.00,11630661784.00
20-12-2021,1.37,1.57,1.31,1.32,790994172.00,11384938765.00
21-12-2021,1.32,1.43,1.31,1.38,299814478.00,11808036355.00
22-12-2021,1.38,1.43,1.36,1.36,249765591.00,11713542741.00
23-12-2021,1.36,1.42,1.32,1.40,290774411.00,12055481778.00
24-12-2021,1.40,1.48,1.39,1.42,347845009.00,12168630785.00
25-12-2021,1.42,1.45,1.40,1.42,172678353.00,12162209637.00
26-12-2021,1.42,1.43,1.36,1.41,266105028.00,12104906068.00
27-12-2021,1.41,1.46,1.38,1.41,294755520.00,12220577099.00
28-12-2021,1.41,1.41,1.24,1.24,368713232.00,10731342029.00
29-12-2021,1.24,1.26,1.17,1.17,184139696.00,10108270247.00
30-12-2021,1.17,1.26,1.14,1.23,252334361.00,10624989928.00
31-12-2021,1.23,1.25,1.17,1.18,302847009.00,10144084226.00
01-01-2022,1.18,1.26,1.18,1.24,217734604.00,10654493016.00
02-01-2022,1.24,1.25,1.23,1.24,280221566.00,10707764649.00
03-01-2022,1.24,1.38,1.21,1.29,2608853249.00,11175666603.00
04-01-2022,1.29,1.57,1.27,1.46,4557983248.00,12559301141.00
05-01-2022,1.46,1.53,1.24,1.32,5916602909.00,11397902346.00
06-01-2022,1.32,1.32,1.22,1.26,3670582054.00,10910955409.00
07-01-2022,1.26,1.27,1.15,1.16,328455175.00,10085083591.00
08-01-2022,1.16,1.20,1.10,1.11,279854104.00,9648885403.00
09-01-2022,1.11,1.17,1.10,1.15,344128449.00,9942983125.00
10-01-2022,1.15,1.15,1.01,1.05,345495785.00,9103281392.00
11-01-2022,1.05,1.09,1.03,1.09,259245428.00,9507740647.00
12-01-2022,1.09,1.18,1.08,1.14,385123363.00,9946344058.00
13-01-2022,1.14,1.16,1.11,1.11,283959516.00,9620961452.00
14-01-2022,1.11,1.13,1.08,1.11,237728225.00,9664659718.00
15-01-2022,1.11,1.13,1.10,1.12,168059147.00,9706300360.00
16-01-2022,1.12,1.13,1.09,1.11,173735739.00,9629206844.00
17-01-2022,1.11,1.11,1.07,1.08,208607691.00,9397654726.00
18-01-2022,1.08,1.09,1.04,1.07,228210443.00,9246917973.00
19-01-2022,1.07,1.08,1.04,1.04,207117079.00,9200698441.00
20-01-2022,1.04,1.05,0.92,0.93,485475416.00,8189387000.00
21-01-2022,0.93,0.93,0.83,0.84,453177594.00,7477121924.00
22-01-2022,0.84,0.84,0.70,0.75,423115655.00,6680846610.00
23-01-2022,0.75,0.78,0.74,0.77,243007581.00,6874172756.00
24-01-2022,0.77,0.79,0.69,0.77,300207623.00,6872661856.00
25-01-2022,0.77,0.82,0.75,0.78,223805980.00,6999868469.00
26-01-2022,0.78,0.84,0.77,0.78,261114262.00,7040651107.00
27-01-2022,0.78,0.79,0.72,0.78,184302947.00,6990640652.00
28-01-2022,0.78,0.79,0.75,0.78,156806575.00,7062948912.00
29-01-2022,0.78,0.79,0.77,0.78,118665308.00,7011069196.00
30-01-2022,0.78,0.78,0.71,0.73,153477824.00,6591470068.00
31-01-2022,0.73,0.75,0.71,0.74,162826833.00,6723921238.00
01-02-2022,0.74,0.74,0.71,0.72,279756151.00,6453315955.00
02-02-2022,0.72,0.75,0.71,0.71,180518034.00,6444716298.00
03-02-2022,0.72,0.72,0.69,0.70,242690910.00,6341603142.00
04-02-2022,0.70,0.79,0.70,0.79,343829849.00,7108805823.00
05-02-2022,0.79,0.83,0.78,0.82,190631060.00,7445247470.00
06-02-2022,0.82,0.93,0.81,0.92,325678250.00,8335254495.00
07-02-2022,0.92,1.32,0.91,1.16,3832328343.00,10496710720.00
08-02-2022,1.16,1.17,1.00,1.11,883191166.00,10035779451.00
09-02-2022,1.11,1.15,1.05,1.13,443843235.00,10203965022.00
10-02-2022,1.12,1.12,1.00,1.01,512029090.00,9094812775.00
11-02-2022,1.01,1.06,0.93,0.94,275332553.00,8513406756.00
12-02-2022,0.94,0.97,0.90,0.96,267038216.00,8770294697.00
13-02-2022,0.96,0.97,0.90,0.90,154201064.00,8254055568.00
14-02-2022,0.90,0.94,0.86,0.92,703964798.00,8399723087.00
15-02-2022,0.92,1.06,0.92,1.02,1387289373.00,9406072788.00
16-02-2022,1.02,1.04,0.95,1.01,442526096.00,9558153014.00
17-02-2022,1.01,1.02,0.87,0.88,402740234.00,8327288559.00
18-02-2022,0.88,0.96,0.88,0.90,351080014.00,8540536002.00
19-02-2022,0.90,0.92,0.87,0.89,380943531.00,8419903753.00
20-02-2022,0.89,0.89,0.79,0.81,306800414.00,7643286060.00
21-02-2022,0.81,0.85,0.75,0.75,418316186.00,7106962703.00
22-02-2022,0.75,0.78,0.73,0.78,322025176.00,7377428376.00
23-02-2022,0.78,0.81,0.74,0.75,378215780.00,7118749738.00
24-02-2022,0.75,0.78,0.65,0.73,512079087.00,6914233007.00
25-02-2022,0.73,0.79,0.73,0.76,345786153.00,7352017479.00
26-02-2022,0.76,0.78,0.74,0.75,347178083.00,7229889610.00
27-02-2022,0.75,0.77,0.70,0.73,326731514.00,6995444544.00
28-02-2022,0.73,0.82,0.71,0.82,454687459.00,7921407826.00
01-03-2022,0.83,0.88,0.80,0.87,524079755.00,8327539180.00
02-03-2022,0.87,0.97,0.84,0.93,879021636.00,8996576113.00
03-03-2022,0.93,1.00,0.88,0.90,1281000401.00,8628832917.00
04-03-2022,0.90,0.91,0.83,0.85,409238515.00,8142757482.00
05-03-2022,0.85,0.90,0.84,0.90,363937936.00,8709371740.00
06-03-2022,0.90,0.97,0.86,0.87,418544874.00,8398148592.00
07-03-2022,0.87,0.94,0.84,0.91,684873947.00,8773502192.00
08-03-2022,0.92,0.92,0.88,0.90,416822350.00,8774588041.00
09-03-2022,0.91,0.98,0.90,0.94,696425272.00,9165617045.00
10-03-2022,0.94,0.94,0.88,0.92,748075967.00,8873227632.00
11-03-2022,0.92,0.92,0.85,0.87,552409507.00,8418302427.00
12-03-2022,0.87,0.88,0.86,0.87,302509425.00,8463101228.00
13-03-2022,0.87,0.89,0.85,0.86,300928778.00,8321997879.00
14-03-2022,0.86,0.87,0.85,0.87,402854496.00,8489101262.00
15-03-2022,0.87,0.88,0.84,0.84,302992721.00,8320755681.00
16-03-2022,0.84,0.87,0.80,0.85,519681246.00,8370520166.00
17-03-2022,0.85,0.85,0.82,0.84,602924925.00,8254648242.00
18-03-2022,0.84,0.88,0.83,0.87,1063867465.00,8607682828.00
19-03-2022,0.87,0.92,0.86,0.92,577351396.00,9096104421.00
20-03-2022,0.92,0.93,0.88,0.89,583524244.00,8785699284.00
21-03-2022,0.89,0.93,0.87,0.89,259819100.00,8802638639.00
22-03-2022,0.89,0.92,0.89,0.89,304845425.00,8866513359.00
23-03-2022,0.90,0.91,0.87,0.89,487691378.00,8783779750.00
24-03-2022,0.89,0.95,0.89,0.94,561157571.00,9337804195.00
25-03-2022,0.94,0.96,0.91,0.93,376909257.00,9185190783.00
26-03-2022,0.93,1.06,0.92,1.03,519708633.00,10237419465.00
27-03-2022,1.03,1.09,0.98,1.08,268611466.00,10709591379.00
28-03-2022,1.08,1.14,1.02,1.07,380478888.00,10586329527.00
29-03-2022,1.06,1.11,0.99,1.01,215856955.00,10239895364.00
30-03-2022,1.01,1.03,0.98,1.02,128298145.00,10294214383.00
31-03-2022,1.02,1.05,0.99,1.03,623544383.00,10358685945.00
01-04-2022,1.03,1.07,0.98,1.06,1208951920.00,10722563509.00
02-04-2022,1.06,1.20,1.06,1.09,1621920115.00,11004161290.00
03-04-2022,1.09,1.16,1.09,1.13,1152721817.00,11422619656.00
04-04-2022,1.13,1.13,1.05,1.10,1121785032.00,11231659803.00
05-04-2022,1.10,1.12,1.07,1.07,1024850796.00,10778534760.00
06-04-2022,1.06,1.06,0.97,0.99,1265513437.00,10309012002.00
07-04-2022,0.99,1.01,0.95,0.98,951382920.00,10269315155.00
08-04-2022,0.98,1.00,0.88,0.89,967836409.00,9338000453.00
09-04-2022,0.89,0.91,0.87,0.91,586708291.00,9523707665.00
10-04-2022,0.91,0.93,0.87,0.90,885313372.00,9433085943.00
11-04-2022,0.90,0.90,0.81,0.81,632250097.00,8522378212.00
12-04-2022,0.81,0.88,0.80,0.85,708828839.00,8947418633.00
13-04-2022,0.85,0.88,0.83,0.84,677492860.00,8919645771.00
14-04-2022,0.84,0.85,0.80,0.81,534552452.00,8634391942.00
15-04-2022,0.81,0.83,0.78,0.80,494261507.00,8487605176.00
16-04-2022,0.80,0.81,0.79,0.81,454548356.00,8573033161.00
17-04-2022,0.81,0.83,0.79,0.80,560663051.00,8473205549.00
18-04-2022,0.80,0.85,0.77,0.84,769366503.00,8931366241.00
19-04-2022,0.84,0.86,0.83,0.84,635454521.00,8930275594.00
20-04-2022,0.84,0.86,0.81,0.82,611769844.00,8789927657.00
21-04-2022,0.82,0.85,0.77,0.79,676936968.00,8378201207.00
22-04-2022,0.79,0.80,0.77,0.77,388013550.00,8219024117.00
23-04-2022,0.77,0.79,0.77,0.78,160840466.00,8283633085.00
24-04-2022,0.78,0.78,0.74,0.76,241188365.00,8053816490.00
25-04-2022,0.76,0.76,0.71,0.74,902301052.00,7841046052.00
26-04-2022,0.74,0.76,0.64,0.66,780294012.00,7086144123.00
27-04-2022,0.66,0.68,0.62,0.66,140708714.00,7149942314.00
28-04-2022,0.66,0.69,0.62,0.63,153919944.00,6801996485.00
29-04-2022,0.63,0.63,0.57,0.63,182063608.00,6835551521.00
30-04-2022,0.63,0.76,0.62,0.64,670226534.00,6957190901.00
01-05-2022,0.64,0.64,0.60,0.62,139057758.00,6752899108.00
02-05-2022,0.62,0.67,0.60,0.63,300110584.00,6824790887.00
03-05-2022,0.63,0.66,0.62,0.65,281041667.00,7097951248.00
04-05-2022,0.65,0.71,0.65,0.71,353683811.00,7770176646.00
